ID Race,Race,ID Ethnicity,Ethnicity,ID Year,Year,Hispanic Population Moe,Geography,ID Geography,Slug Geography,Population,share
0,"White Alone",0,"Not Hispanic or Latino",2021,"2021",1226,"Travis County, TX","05000US48453","travis-county-tx",609580,0.48081905986377926
0,"White Alone",1,"Hispanic or Latino",2021,"2021",6251,"Travis County, TX","05000US48453","travis-county-tx",229260,0.1808336521283015
1,"Black or African American Alone",0,"Not Hispanic or Latino",2021,"2021",1623,"Travis County, TX","05000US48453","travis-county-tx",99855,0.07876273372272331
1,"Black or African American Alone",1,"Hispanic or Latino",2021,"2021",1140,"Travis County, TX","05000US48453","travis-county-tx",5272,0.0041584010033167826
2,"American Indian & Alaska Native Alone",0,"Not Hispanic or Latino",2021,"2021",347,"Travis County, TX","05000US48453","travis-county-tx",1702,0.0013424883360480203
2,"American Indian & Alaska Native Alone",1,"Hispanic or Latino",2021,"2021",1360,"Travis County, TX","05000US48453","travis-county-tx",7716,0.006086157462365761
3,"Asian Alone",0,"Not Hispanic or Latino",2021,"2021",1512,"Travis County, TX","05000US48453","travis-county-tx",87994,0.0694071202363158
3,"Asian Alone",1,"Hispanic or Latino",2021,"2021",525,"Travis County, TX","05000US48453","travis-county-tx",1577,0.0012438919541408508
4,"Native Hawaiian & Other Pacific Islander Alone",0,"Not Hispanic or Latino",2021,"2021",163,"Travis County, TX","05000US48453","travis-county-tx",417,0.00032891753004231757
4,"Native Hawaiian & Other Pacific Islander Alone",1,"Hispanic or Latino",2021,"2021",122,"Travis County, TX","05000US48453","travis-county-tx",116,0.00009149744240985332
5,"Some Other Race Alone",0,"Not Hispanic or Latino",2021,"2021",979.9999999999999,"Travis County, TX","05000US48453","travis-county-tx",3985,0.003143252655200565
5,"Some Other Race Alone",1,"Hispanic or Latino",2021,"2021",5786,"Travis County, TX","05000US48453","travis-county-tx",107408,0.08472032150308212
6,"Two or More Races",0,"Not Hispanic or Latino",2021,"2021",2527.8498768716468,"Travis County, TX","05000US48453","travis-county-tx",37863,0.02986523846520928
6,"Two or More Races",1,"Hispanic or Latino",2021,"2021",4714.737956663127,"Travis County, TX","05000US48453","travis-county-tx",75050,0.05919726769706459
0,"White Alone",0,"Not Hispanic or Latino",2020,"2020",977,"Travis County, TX","05000US48453","travis-county-tx",607813,0.48590676673456534
0,"White Alone",1,"Hispanic or Latino",2020,"2020",6050,"Travis County, TX","05000US48453","travis-county-tx",259018,0.2070679615376006
1,"Black or African American Alone",0,"Not Hispanic or Latino",2020,"2020",1471,"Travis County, TX","05000US48453","travis-county-tx",98769,0.07895935994064997
1,"Black or African American Alone",1,"Hispanic or Latino",2020,"2020",1002,"Travis County, TX","05000US48453","travis-county-tx",4923,0.003935616731847238
2,"American Indian & Alaska Native Alone",0,"Not Hispanic or Latino",2020,"2020",340,"Travis County, TX","05000US48453","travis-county-tx",1945,0.0015549003744551853
2,"American Indian & Alaska Native Alone",1,"Hispanic or Latino",2020,"2020",1151,"Travis County, TX","05000US48453","travis-county-tx",5784,0.0046239299567345975
3,"Asian Alone",0,"Not Hispanic or Latino",2020,"2020",1448,"Travis County, TX","05000US48453","travis-county-tx",83853,0.06703499285305432
3,"Asian Alone",1,"Hispanic or Latino",2020,"2020",457,"Travis County, TX","05000US48453","travis-county-tx",1253,0.0010016916036978648
4,"Native Hawaiian & Other Pacific Islander Alone",0,"Not Hispanic or Latino",2020,"2020",151,"Travis County, TX","05000US48453","travis-county-tx",265,0.0002118501795530201
4,"Native Hawaiian & Other Pacific Islander Alone",1,"Hispanic or Latino",2020,"2020",297,"Travis County, TX","05000US48453","travis-county-tx",439,0.0003509518068821729
5,"Some Other Race Alone",0,"Not Hispanic or Latino",2020,"2020",588,"Travis County, TX","05000US48453","travis-county-tx",2755,0.0022024424327115864
5,"Some Other Race Alone",1,"Hispanic or Latino",2020,"2020",5048,"Travis County, TX","05000US48453","travis-county-tx",100300,0.08018329437421855
6,"Two or More Races",0,"Not Hispanic or Latino",2020,"2020",2209.2917417127146,"Travis County, TX","05000US48453","travis-county-tx",35248,0.028178472184471143
6,"Two or More Races",1,"Hispanic or Latino",2020,"2020",5214.02723429788,"Travis County, TX","05000US48453","travis-county-tx",48519,0.038787769289558426
0,"White Alone",0,"Not Hispanic or Latino",2019,"2019",324,"Travis County, TX","05000US48453","travis-county-tx",600694,0.48964097798753675
0,"White Alone",1,"Hispanic or Latino",2019,"2019",4665,"Travis County, TX","05000US48453","travis-county-tx",288352,0.23504305900285702
1,"Black or African American Alone",0,"Not Hispanic or Latino",2019,"2019",1124,"Travis County, TX","05000US48453","travis-county-tx",96367,0.0785511959928432
1,"Black or African American Alone",1,"Hispanic or Latino",2019,"2019",1209,"Travis County, TX","05000US48453","travis-county-tx",5588,0.004554921116232816
2,"American Indian & Alaska Native Alone",0,"Not Hispanic or Latino",2019,"2019",388,"Travis County, TX","05000US48453","travis-county-tx",2042,0.0016644862060392646
2,"American Indian & Alaska Native Alone",1,"Hispanic or Latino",2019,"2019",1130,"Travis County, TX","05000US48453","travis-county-tx",5674,0.004625021906496957
3,"Asian Alone",0,"Not Hispanic or Latino",2019,"2019",943,"Travis County, TX","05000US48453","travis-county-tx",81212,0.06619796952245874
3,"Asian Alone",1,"Hispanic or Latino",2019,"2019",461.00000000000006,"Travis County, TX","05000US48453","travis-county-tx",1045,0.0008518061142561369
4,"Native Hawaiian & Other Pacific Islander Alone",0,"Not Hispanic or Latino",2019,"2019",137,"Travis County, TX","05000US48453","travis-county-tx",338,0.0002755124082474395
4,"Native Hawaiian & Other Pacific Islander Alone",1,"Hispanic or Latino",2019,"2019",238.99999999999997,"Travis County, TX","05000US48453","travis-county-tx",312,0.00025431914607455954
5,"Some Other Race Alone",0,"Not Hispanic or Latino",2019,"2019",372,"Travis County, TX","05000US48453","travis-county-tx",2006,0.0016351416891845078
5,"Some Other Race Alone",1,"Hispanic or Latino",2019,"2019",4322,"Travis County, TX","05000US48453","travis-county-tx",99055,0.0807422532513317
6,"Two or More Races",0,"Not Hispanic or Latino",2019,"2019",1626.1764971859604,"Travis County, TX","05000US48453","travis-county-tx",29401,0.023965503890186295
6,"Two or More Races",1,"Hispanic or Latino",2019,"2019",1620.5039339662217,"Travis County, TX","05000US48453","travis-county-tx",14719,0.011997831766254621
0,"White Alone",0,"Not Hispanic or Latino",2018,"2018",477.99999999999994,"Travis County, TX","05000US48453","travis-county-tx",590373,0.4906829149094971
0,"White Alone",1,"Hispanic or Latino",2018,"2018",5178,"Travis County, TX","05000US48453","travis-county-tx",294266,0.24457639261747754
1,"Black or African American Alone",0,"Not Hispanic or Latino",2018,"2018",1210,"Travis County, TX","05000US48453","travis-county-tx",94922,0.07889351926500583
1,"Black or African American Alone",1,"Hispanic or Latino",2018,"2018",1003.0000000000001,"Travis County, TX","05000US48453","travis-county-tx",5226,0.00434354029286067
2,"American Indian & Alaska Native Alone",0,"Not Hispanic or Latino",2018,"2018",366,"Travis County, TX","05000US48453","travis-county-tx",1963,0.00163152881647254
2,"American Indian & Alaska Native Alone",1,"Hispanic or Latino",2018,"2018",1093,"Travis County, TX","05000US48453","travis-county-tx",4884,0.004059290239252106
3,"Asian Alone",0,"Not Hispanic or Latino",2018,"2018",921,"Travis County, TX","05000US48453","travis-county-tx",78250,0.0650367447218422
3,"Asian Alone",1,"Hispanic or Latino",2018,"2018",453,"Travis County, TX","05000US48453","travis-county-tx",1150,0.0009558115837714829
4,"Native Hawaiian & Other Pacific Islander Alone",0,"Not Hispanic or Latino",2018,"2018",162,"Travis County, TX","05000US48453","travis-county-tx",368,0.00030585970680687454
4,"Native Hawaiian & Other Pacific Islander Alone",1,"Hispanic or Latino",2018,"2018",151,"Travis County, TX","05000US48453","travis-county-tx",233,0.00019365573827717872
5,"Some Other Race Alone",0,"Not Hispanic or Latino",2018,"2018",517,"Travis County, TX","05000US48453","travis-county-tx",2122,0.0017636801571852929
5,"Some Other Race Alone",1,"Hispanic or Latino",2018,"2018",4828,"Travis County, TX","05000US48453","travis-county-tx",88434,0.0735010796515194
6,"Two or More Races",0,"Not Hispanic or Latino",2018,"2018",1522.3698630753304,"Travis County, TX","05000US48453","travis-county-tx",27492,0.022849714835691832
6,"Two or More Races",1,"Hispanic or Latino",2018,"2018",1501.6088039166525,"Travis County, TX","05000US48453","travis-county-tx",13483,0.011206267464339916
0,"White Alone",0,"Not Hispanic or Latino",2017,"2017",505,"Travis County, TX","05000US48453","travis-county-tx",580292,0.49320065545681396
0,"White Alone",1,"Hispanic or Latino",2017,"2017",4457,"Travis County, TX","05000US48453","travis-county-tx",301113,0.2559213791790471
1,"Black or African American Alone",0,"Not Hispanic or Latino",2017,"2017",1325,"Travis County, TX","05000US48453","travis-county-tx",92653,0.07874745874497699
1,"Black or African American Alone",1,"Hispanic or Latino",2017,"2017",912.0000000000001,"Travis County, TX","05000US48453","travis-county-tx",4645,0.0039478694253873925
2,"American Indian & Alaska Native Alone",0,"Not Hispanic or Latino",2017,"2017",382,"Travis County, TX","05000US48453","travis-county-tx",1875,0.0015935963773092273
2,"American Indian & Alaska Native Alone",1,"Hispanic or Latino",2017,"2017",865.9999999999999,"Travis County, TX","05000US48453","travis-county-tx",3571,0.0030350574204646673
3,"Asian Alone",0,"Not Hispanic or Latino",2017,"2017",970.0000000000001,"Travis County, TX","05000US48453","travis-county-tx",74442,0.06326960081048187
3,"Asian Alone",1,"Hispanic or Latino",2017,"2017",331,"Travis County, TX","05000US48453","travis-county-tx",891,0.0007572769984973449
4,"Native Hawaiian & Other Pacific Islander Alone",0,"Not Hispanic or Latino",2017,"2017",224,"Travis County, TX","05000US48453","travis-county-tx",439,0.00037311403180733375
4,"Native Hawaiian & Other Pacific Islander Alone",1,"Hispanic or Latino",2017,"2017",201,"Travis County, TX","05000US48453","travis-county-tx",259,0.00022012877958564795
5,"Some Other Race Alone",0,"Not Hispanic or Latino",2017,"2017",537,"Travis County, TX","05000US48453","travis-county-tx",2250,0.0019123156527710728
5,"Some Other Race Alone",1,"Hispanic or Latino",2017,"2017",4046,"Travis County, TX","05000US48453","travis-county-tx",75942,0.06454447791232926
6,"Two or More Races",0,"Not Hispanic or Latino",2017,"2017",1697.7399683108129,"Travis County, TX","05000US48453","travis-county-tx",26235,0.02229760051131071
6,"Two or More Races",1,"Hispanic or Latino",2017,"2017",1481.6899135784113,"Travis County, TX","05000US48453","travis-county-tx",11977,0.010179468699217395
0,"White Alone",0,"Not Hispanic or Latino",2016,"2016",371,"Travis County, TX","05000US48453","travis-county-tx",570282,0.49668517718537925
0,"White Alone",1,"Hispanic or Latino",2016,"2016",3517,"Travis County, TX","05000US48453","travis-county-tx",304070,0.2648287370577333
1,"Black or African American Alone",0,"Not Hispanic or Latino",2016,"2016",1395,"Travis County, TX","05000US48453","travis-county-tx",90819,0.07909850057830856
1,"Black or African American Alone",1,"Hispanic or Latino",2016,"2016",993.0000000000001,"Travis County, TX","05000US48453","travis-county-tx",4516,0.003933194910884743
2,"American Indian & Alaska Native Alone",0,"Not Hispanic or Latino",2016,"2016",325,"Travis County, TX","05000US48453","travis-county-tx",1765,0.0015372207745154053
2,"American Indian & Alaska Native Alone",1,"Hispanic or Latino",2016,"2016",786,"Travis County, TX","05000US48453","travis-county-tx",3470,0.0030221847521634316
3,"Asian Alone",0,"Not Hispanic or Latino",2016,"2016",1148,"Travis County, TX","05000US48453","travis-county-tx",70373,0.061291126099134625
3,"Asian Alone",1,"Hispanic or Latino",2016,"2016",284,"Travis County, TX","05000US48453","travis-county-tx",830,0.0007228856899987458
4,"Native Hawaiian & Other Pacific Islander Alone",0,"Not Hispanic or Latino",2016,"2016",190,"Travis County, TX","05000US48453","travis-county-tx",678,0.0005905018046013852
4,"Native Hawaiian & Other Pacific Islander Alone",1,"Hispanic or Latino",2016,"2016",167,"Travis County, TX","05000US48453","travis-county-tx",226,0.0001968339348671284
5,"Some Other Race Alone",0,"Not Hispanic or Latino",2016,"2016",420,"Travis County, TX","05000US48453","travis-county-tx",1780,0.00155028497373225
5,"Some Other Race Alone",1,"Hispanic or Latino",2016,"2016",3463.9999999999995,"Travis County, TX","05000US48453","travis-county-tx",62555,0.05448206546731511
6,"Two or More Races",0,"Not Hispanic or Latino",2016,"2016",1819.5837436073118,"Travis County, TX","05000US48453","travis-county-tx",25122,0.02187992084837168
6,"Two or More Races",1,"Hispanic or Latino",2016,"2016",1481.4536779798414,"Travis County, TX","05000US48453","travis-county-tx",11690,0.010181365922994384
0,"White Alone",0,"Not Hispanic or Latino",2015,"2015",374,"Travis County, TX","05000US48453","travis-county-tx",558905,0.4982904573193836
0,"White Alone",1,"Hispanic or Latino",2015,"2015",3792,"Travis County, TX","05000US48453","travis-county-tx",292925,0.26115660480811664
1,"Black or African American Alone",0,"Not Hispanic or Latino",2015,"2015",1030,"Travis County, TX","05000US48453","travis-county-tx",88822,0.07918904822827187
1,"Black or African American Alone",1,"Hispanic or Latino",2015,"2015",979.0000000000001,"Travis County, TX","05000US48453","travis-county-tx",4535,0.004043168738772071
2,"American Indian & Alaska Native Alone",0,"Not Hispanic or Latino",2015,"2015",312,"Travis County, TX","05000US48453","travis-county-tx",1870,0.0016671941657119677
2,"American Indian & Alaska Native Alone",1,"Hispanic or Latino",2015,"2015",891,"Travis County, TX","05000US48453","travis-county-tx",3592,0.0032024392744584964
3,"Asian Alone",0,"Not Hispanic or Latino",2015,"2015",834,"Travis County, TX","05000US48453","travis-county-tx",67229,0.05993785912655074
3,"Asian Alone",1,"Hispanic or Latino",2015,"2015",221.00000000000003,"Travis County, TX","05000US48453","travis-county-tx",739,0.0006588537371449969
4,"Native Hawaiian & Other Pacific Islander Alone",0,"Not Hispanic or Latino",2015,"2015",205,"Travis County, TX","05000US48453","travis-county-tx",620,0.0005527595629633262
4,"Native Hawaiian & Other Pacific Islander Alone",1,"Hispanic or Latino",2015,"2015",47,"Travis County, TX","05000US48453","travis-county-tx",64,0.000057059051660730446
5,"Some Other Race Alone",0,"Not Hispanic or Latino",2015,"2015",387,"Travis County, TX","05000US48453","travis-county-tx",1649,0.0014701621279460079
5,"Some Other Race Alone",1,"Hispanic or Latino",2015,"2015",3270,"Travis County, TX","05000US48453","travis-county-tx",66470,0.05926117443576176
6,"Two or More Races",0,"Not Hispanic or Latino",2015,"2015",1272.604023253109,"Travis County, TX","05000US48453","travis-county-tx",24163,0.02154246664497234
6,"Two or More Races",1,"Hispanic or Latino",2015,"2015",1119.866063420086,"Travis County, TX","05000US48453","travis-county-tx",10062,0.008970752778285464
0,"White Alone",0,"Not Hispanic or Latino",2014,"2014",367,"Travis County, TX","05000US48453","travis-county-tx",546993,0.5005380624262223
0,"White Alone",1,"Hispanic or Latino",2014,"2014",3951.0000000000005,"Travis County, TX","05000US48453","travis-county-tx",278205,0.2545776484475801
1,"Black or African American Alone",0,"Not Hispanic or Latino",2014,"2014",991,"Travis County, TX","05000US48453","travis-county-tx",87332,0.07991508130416083
1,"Black or African American Alone",1,"Hispanic or Latino",2014,"2014",716,"Travis County, TX","05000US48453","travis-county-tx",3397,0.0031085001052332975
2,"American Indian & Alaska Native Alone",0,"Not Hispanic or Latino",2014,"2014",337,"Travis County, TX","05000US48453","travis-county-tx",2097,0.0019189063057622093
2,"American Indian & Alaska Native Alone",1,"Hispanic or Latino",2014,"2014",850.0000000000001,"Travis County, TX","05000US48453","travis-county-tx",3663,0.003351909298048151
3,"Asian Alone",0,"Not Hispanic or Latino",2014,"2014",1011,"Travis County, TX","05000US48453","travis-county-tx",64658,0.05916673529707817
3,"Asian Alone",1,"Hispanic or Latino",2014,"2014",253,"Travis County, TX","05000US48453","travis-county-tx",807,0.0007384632278255141
4,"Native Hawaiian & Other Pacific Islander Alone",0,"Not Hispanic or Latino",2014,"2014",174,"Travis County, TX","05000US48453","travis-county-tx",603,0.0005517885085238971
4,"Native Hawaiian & Other Pacific Islander Alone",1,"Hispanic or Latino",2014,"2014",56,"Travis County, TX","05000US48453","travis-county-tx",50,0.00004575360767196493
5,"Some Other Race Alone",0,"Not Hispanic or Latino",2014,"2014",430.00000000000006,"Travis County, TX","05000US48453","travis-county-tx",1425,0.0013039778186510007
5,"Some Other Race Alone",1,"Hispanic or Latino",2014,"2014",3747,"Travis County, TX","05000US48453","travis-county-tx",71493,0.06542125346583579
6,"Two or More Races",0,"Not Hispanic or Latino",2014,"2014",1314.9087420806054,"Travis County, TX","05000US48453","travis-county-tx",21692,0.019849745152405267
6,"Two or More Races",1,"Hispanic or Latino",2014,"2014",1408.852369838657,"Travis County, TX","05000US48453","travis-county-tx",10395,0.00951217503500151
0,"White Alone",0,"Not Hispanic or Latino",2013,"2013",411,"Travis County, TX","05000US48453","travis-county-tx",535206,0.5033689223962801
0,"White Alone",1,"Hispanic or Latino",2013,"2013",4293,"Travis County, TX","05000US48453","travis-county-tx",251872,0.2368892299820926
1,"Black or African American Alone",0,"Not Hispanic or Latino",2013,"2013",845,"Travis County, TX","05000US48453","travis-county-tx",85576,0.080485455886115
1,"Black or African American Alone",1,"Hispanic or Latino",2013,"2013",566,"Travis County, TX","05000US48453","travis-county-tx",3191,0.0030011812860216997
2,"American Indian & Alaska Native Alone",0,"Not Hispanic or Latino",2013,"2013",286,"Travis County, TX","05000US48453","travis-county-tx",2140,0.002012700705761967
2,"American Indian & Alaska Native Alone",1,"Hispanic or Latino",2013,"2013",812,"Travis County, TX","05000US48453","travis-county-tx",3822,0.003594645839916934
3,"Asian Alone",0,"Not Hispanic or Latino",2013,"2013",865.9999999999999,"Travis County, TX","05000US48453","travis-county-tx",61833,0.05815482370999052
3,"Asian Alone",1,"Hispanic or Latino",2013,"2013",270,"Travis County, TX","05000US48453","travis-county-tx",670,0.0006301446134862233
4,"Native Hawaiian & Other Pacific Islander Alone",0,"Not Hispanic or Latino",2013,"2013",156,"Travis County, TX","05000US48453","travis-county-tx",613,0.0005765352956224701
4,"Native Hawaiian & Other Pacific Islander Alone",1,"Hispanic or Latino",2013,"2013",53,"Travis County, TX","05000US48453","travis-county-tx",47,0.000044204174378884324
5,"Some Other Race Alone",0,"Not Hispanic or Latino",2013,"2013",364,"Travis County, TX","05000US48453","travis-county-tx",1467,0.001379734549230283
5,"Some Other Race Alone",1,"Hispanic or Latino",2013,"2013",4199,"Travis County, TX","05000US48453","travis-county-tx",87132,0.08194889621236062
6,"Two or More Races",0,"Not Hispanic or Latino",2013,"2013",1165.3862020806664,"Travis County, TX","05000US48453","travis-county-tx",19708,0.018535656779979835
6,"Two or More Races",1,"Hispanic or Latino",2013,"2013",1317.3826323433902,"Travis County, TX","05000US48453","travis-county-tx",9971,0.009377868568762885